0.1195,6.19E-02,199.5,0.1995,5,0.005
0.1205,0.5614,200.5,0.2005,7,0.007
0.1215,4.901,201.5,0.2015,7,0.007
0.1225,1.184,202.5,0.2025,8,0.008
0.1235,4.77E-02,203.5,0.2035,9,0.009
0.1245,3.43E-02,204.5,0.2045,9,0.009
0.1255,2.88E-02,205.5,0.2055,10,0.01
0.1265,3.52E-02,206.5,0.2065,10,0.01
0.1275,2.13E-02,207.5,0.2075,11,0.011
0.1285,1.73E-02,208.5,0.2085,15,0.015
0.1295,3.99E-02,209.5,0.2095,24,0.024
0.1305,0.1206,210.5,0.2105,28,0.028
0.1315,3.98E-02,211.5,0.2115,34,0.034
0.1325,4.13E-02,212.5,0.2125,30,0.03
0.1335,0.168,213.5,0.2135,32,0.032
0.1345,4.57E-02,214.5,0.2145,41,0.041
0.1355,3.80E-02,215.5,0.2155,37,0.037
0.1365,3.09E-02,216.5,0.2165,34,0.034
0.1375,2.92E-02,217.5,0.2175,36,0.036
0.1385,3.97E-02,218.5,0.2185,45,0.045
0.1395,7.56E-02,219.5,0.2195,48,0.048
0.1405,6.08E-02,220.5,0.2205,48,0.048
0.1415,4.21E-02,221.5,0.2215,39,0.039
0.1425,4.68E-02,222.5,0.2225,51,0.051
0.1435,5.11E-02,223.5,0.2235,66,0.066
0.1445,5.09E-02,224.5,0.2245,58,0.058
0.1455,5.54E-02,225.5,0.2255,54,0.054
0.1465,7.09E-02,226.5,0.2265,41,0.041
0.1475,8.49E-02,227.5,0.2275,41,0.041
0.1485,8.20E-02,228.5,0.2285,54,0.054
0.1495,7.96E-02,229.5,0.2295,48,0.048
0.1505,8.70E-02,230.5,0.2305,56,0.056
0.1515,9.27E-02,231.5,0.2315,50,0.05
0.1525,0.1163,232.5,0.2325,55,0.055
0.1535,0.1299,233.5,0.2335,46,0.046
0.1545,0.2059,234.5,0.2345,39,0.039
0.1555,0.2144,235.5,0.2355,57,0.057
0.1565,0.1847,236.5,0.2365,49,0.049
0.1575,0.1717,237.5,0.2375,53,0.053
0.1585,0.1675,238.5,0.2385,42,0.042
0.1595,0.1754,239.5,0.2395,46,0.046
0.1605,0.1934,240.5,0.2405,43,0.043
0.1615,0.2228,241.5,0.2415,52,0.052
0.1625,0.2519,242.5,0.2425,72,0.072
0.1635,0.2841,243.5,0.2435,65,0.065
0.1645,0.2973,244.5,0.2445,62,0.062
0.1655,0.4302,245.5,0.2455,51,0.051
0.1665,0.3989,246.5,0.2465,51,0.051
0.1675,0.3875,247.5,0.2475,57,0.057
0.1685,0.4556,248.5,0.2485,45,0.045
0.1695,0.5877,249.5,0.2495,58,0.058
0.1705,0.6616,250.5,0.2505,59,0.059
0.1715,0.688,251.5,0.2515,47,0.047
0.1725,0.7252,252.5,0.2525,44,0.044
0.1735,0.7645,253.5,0.2535,55,0.055
0.1745,0.9067,254.5,0.2545,61,0.061
0.1755,1.079,255.5,0.2555,89,0.089
0.1765,1.22,256.5,0.2565,107,0.107
0.1775,1.403,257.5,0.2575,129,0.129
0.1785,1.538,258.5,0.2585,134,0.134
0.1795,1.576,259.5,0.2595,108,0.108
0.1805,1.831,260.5,0.2605,102,0.102
0.1815,2.233,261.5,0.2615,103,0.103
0.1825,2.243,262.5,0.2625,121,0.121
0.1835,2.244,263.5,0.2635,175,0.175
0.1845,2.066,264.5,0.2645,274,0.274
0.1855,2.311,265.5,0.2655,280,0.28
0.1865,2.7,266.5,0.2665,260,0.26
0.1875,3.009,267.5,0.2675,270,0.27
0.1885,3.291,268.5,0.2685,260,0.26
0.1895,3.569,269.5,0.2695,252,0.252
0.1905,3.764,270.5,0.2705,293,0.293
0.1915,4.165,271.5,0.2715,232,0.232
0.1925,4.113,272.5,0.2725,215,0.215
0.1935,3.808,273.5,0.2735,204,0.204
0.1945,5.21,274.5,0.2745,137,0.137
0.1955,5.427,275.5,0.2755,200,0.2
0.1965,6.008,276.5,0.2765,258,0.258
0.1975,6.191,277.5,0.2775,240,0.24
0.1985,6.187,278.5,0.2785,166,0.166
0.1995,6.664,279.5,0.2795,89,0.089
0.2005,7.326,280.5,0.2805,112,0.112
0.2015,8.023,281.5,0.2815,231,0.231
0.2025,8.261,282.5,0.2825,307,0.307
0.2035,9.217,283.5,0.2835,330,0.33
0.2045,10.25,284.5,0.2845,244,0.244
0.2055,10.54,285.5,0.2855,141,0.141
0.2065,11.08,286.5,0.2865,320,0.32
0.2075,12.65,287.5,0.2875,371,0.371
0.2085,15.05,288.5,0.2885,307,0.307
0.2095,21.38,289.5,0.2895,456,0.456
0.2105,27.92,290.5,0.2905,623,0.623
0.2115,33.54,291.5,0.2915,600,0.6
0.2125,31.3,292.5,0.2925,545,0.545
0.2135,33.15,293.5,0.2935,545,0.545
0.2145,40.03,294.5,0.2945,509,0.509
0.2155,36.15,295.5,0.2955,548,0.548
0.2165,32.27,296.5,0.2965,492,0.492
0.2175,35.29,297.5,0.2975,531,0.531
0.2185,44.37,298.5,0.2985,413,0.413
0.2195,46.92,299.5,0.2995,485,0.485
0.2205,47.33,300.5,0.3005,403,0.403
0.2215,39.58,301.5,0.3015,445,0.445
0.2225,49.65,302.5,0.3025,484,0.484
0.2235,63.01,303.5,0.3035,631,0.631
0.2245,58.97,304.5,0.3045,610,0.61
0.2255,52.29,305.5,0.3055,580,0.58
0.2265,39.4,306.5,0.3065,575,0.575
0.2275,39.92,307.5,0.3075,645,0.645
0.2285,51.95,308.5,0.3085,613,0.613
0.2295,47.71,309.5,0.3095,484,0.484
0.2305,52.12,310,0.31,495,0.495
0.2315,50.97,310.4,0.3104,507,0.507
0.2325,53.26,310.8,0.3108,588,0.588
0.2335,44.74,311.2,0.3112,707,0.707
0.2345,38.97,311.6,0.3116,747,0.747
0.2355,51.42,312,0.312,707,0.707
0.2365,48.59,312.4,0.3124,644,0.644
0.2375,48.44,312.8,0.3128,663,0.663
0.2385,41.96,313.2,0.3132,710,0.71
0.2395,44.12,313.6,0.3136,691,0.691
0.2405,39.56,314,0.314,689,0.689
0.2415,51.48,314.4,0.3144,722,0.722
0.2425,70.6,314.8,0.3148,673,0.673
0.2435,66.53,315.2,0.3152,695,0.695
0.2445,60.97,315.6,0.3156,765,0.765
0.2455,49.39,316,0.316,675,0.675
0.2465,50.4,316.4,0.3164,569,0.569
0.2475,55.5,316.8,0.3168,623,0.623
0.2485,45.65,317.2,0.3172,749,0.749
0.2495,56.38,317.6,0.3176,830,0.83
0.2505,60.1,318,0.318,813,0.813
0.2515,46.01,318.4,0.3184,673,0.673
0.2525,41.55,318.8,0.3188,642,0.642
0.2535,51.55,319.2,0.3192,768,0.768
0.2545,59.57,319.6,0.3196,759,0.759
0.2555,79.3,320,0.32,712,0.712
0.2565,101.8,320.4,0.3204,778,0.778
0.2575,125.4,320.8,0.3208,844,0.844
0.2585,125.1,321.2,0.3212,847,0.847
0.2595,104,321.6,0.3216,736,0.736
0.2605,85.51,322,0.322,695,0.695
0.2615,89.8,322.4,0.3224,773,0.773
0.2625,103.6,322.8,0.3228,758,0.758
0.2635,165.8,323.2,0.3232,646,0.646
0.2645,249.7,323.6,0.3236,603,0.603
0.2655,252.7,324,0.324,604,0.604
0.2665,249.4,324.4,0.3244,618,0.618
0.2675,250.8,324.8,0.3248,654,0.654
0.2685,243.8,325.2,0.3252,646,0.646
0.2695,238.9,325.6,0.3256,682,0.682
0.2705,267.3,326,0.326,852,0.852
0.2715,224.4,326.4,0.3264,1049,1.049
0.2725,197.4,326.8,0.3268,1111,1.111
0.2735,196.5,327.2,0.3272,1108,1.108
0.2745,132.6,327.6,0.3276,1050,1.05
0.2755,175.1,328,0.328,965,0.965
0.2765,242.8,328.4,0.3284,914,0.914
0.2775,233.8,328.8,0.3288,913,0.913
0.2785,159.3,329.2,0.3292,952,0.952
0.2795,85.55,329.6,0.3296,1043,1.043
0.2805,94.63,330,0.33,1144,1.144
0.2815,208.3,330.4,0.3304,1137,1.137
0.2825,294.1,330.5,0.3305,1006,1.006
0.2835,313.5,331.5,0.3315,968,0.968
0.2845,235.3,332.5,0.3325,921,0.921
0.2855,163.1,333.5,0.3335,905,0.905
0.2865,322.7,334.5,0.3345,940,0.94
0.2875,336.3,335.5,0.3355,982,0.982
0.2885,322.2,336.5,0.3365,765,0.765
0.2895,472.7,337.5,0.3375,866,0.866
0.2905,601.3,338.5,0.3385,916,0.916
0.2915,580.8,339.5,0.3395,937,0.937
0.2925,521.9,340.5,0.3405,992,0.992
0.2935,535.5,341.5,0.3415,936,0.936
0.2945,508.8,342.5,0.3425,995,0.995
0.2955,553.2,343.5,0.3435,985,0.985
0.2965,509.6,344.5,0.3445,719,0.719
0.2975,507.3,345.5,0.3455,967,0.967
0.2985,465.5,346.5,0.3465,919,0.919
0.2995,484,347.5,0.3475,902,0.902
0.3005,420,348.5,0.3485,948,0.948
0.3015,455.5,349.5,0.3495,865,0.865
0.3025,489,350.5,0.3505,1119,1.119
0.3035,620.6,351.5,0.3515,993,0.993
0.3045,602.5,352.5,0.3525,871,0.871
0.3055,594.8,353.5,0.3535,1115,1.115
0.3065,555.7,354.5,0.3545,1133,1.133
0.3075,615,355.5,0.3555,1058,1.058
0.3085,611.4,356.5,0.3565,938,0.938
0.3095,496.5,357.5,0.3575,891,0.891
0.3105,622.4,358.5,0.3585,627,0.627
0.3115,729.2,359.5,0.3595,1136,1.136
0.3125,655.9,360.5,0.3605,979,0.979
0.3135,699.9,361.5,0.3615,894,0.894
0.3145,662.9,362.5,0.3625,1175,1.175
0.3155,633,363.5,0.3635,958,0.958
0.3165,633.2,364.5,0.3645,1015,1.015
0.3175,773.9,365.5,0.3655,1263,1.263
0.3185,664.9,366.5,0.3665,1249,1.249
0.3195,710.5,367.5,0.3675,1214,1.214
0.3205,805.1,368.5,0.3685,1088,1.088
0.3215,699.5,369.5,0.3695,1331,1.331
0.3225,688.6,370.5,0.3705,1075,1.075
0.3235,661.3,371.5,0.3715,1307,1.307
0.3245,760.8,372.5,0.3725,1065,1.065
0.3255,875.8,373.5,0.3735,838,0.838
0.3265,979.5,374.5,0.3745,878,0.878
0.3275,952.7,375.5,0.3755,1141,1.141
0.3285,917.6,376.5,0.3765,1101,1.101
0.3295,1061,377.5,0.3775,1291,1.291
0.3305,1016,378.5,0.3785,1341,1.341
0.3315,965.7,379.5,0.3795,1000,1
0.3325,954.9,380.5,0.3805,1289,1.289
0.3335,921.6,381.5,0.3815,1096,1.096
0.3345,958.9,382.5,0.3825,733,0.733
0.3355,943.4,383.5,0.3835,684,0.684
0.3365,809.5,384.5,0.3845,1027,1.027
0.3375,841.8,385.5,0.3855,954,0.954
0.3385,921.5,386.5,0.3865,1071,1.071
0.3395,958.1,387.5,0.3875,966,0.966
0.3405,1007,388.5,0.3885,912,0.912
0.3415,923.8,389.5,0.3895,1227,1.227
0.3425,993,390.5,0.3905,1223,1.223
0.3435,950.6,391.5,0.3915,1398,1.398
0.3445,795.7,392.5,0.3925,955,0.955
0.3455,939.2,393.5,0.3935,489,0.489
0.3465,926.4,394.5,0.3945,1101,1.101
0.3475,901.7,395.5,0.3955,1378,1.378
0.3485,897.2,396.5,0.3965,650,0.65
0.3495,889.8,397.5,0.3975,1040,1.04
0.3505,1050,398.5,0.3985,1538,1.538
0.3515,979.5,399.5,0.3995,1655,1.655
0.3525,907.9,400.5,0.4005,1649,1.649
0.3535,1033,401.5,0.4015,1796,1.796
0.3545,1111,402.5,0.4025,1803,1.803
0.3555,1045,403.5,0.4035,1658,1.658
0.3565,912.3,404.5,0.4045,1602,1.602
0.3575,796,405.5,0.4055,1672,1.672
0.3585,693.6,406.5,0.4065,1624,1.624
0.3595,991.1,407.5,0.4075,1545,1.545
0.3605,970.8,408.5,0.4085,1824,1.824
0.3615,878.1,409.5,0.4095,1706,1.706
0.3625,997.8,410.5,0.4105,1502,1.502
0.3635,996.9,411.5,0.4115,1819,1.819
0.3645,1013,412.5,0.4125,1791,1.791
0.3655,1152,413.5,0.4135,1758,1.758
0.3665,1233,414.5,0.4145,1739,1.739
0.3675,1180,415.5,0.4155,1736,1.736
0.3685,1101,416.5,0.4165,1844,1.844
0.3695,1226,417.5,0.4175,1667,1.667
0.3705,1139,418.5,0.4185,1686,1.686
0.3715,1175,419.5,0.4195,1703,1.703
0.3725,1054,420.5,0.4205,1760,1.76
0.3735,920.2,421.5,0.4215,1799,1.799
0.3745,900.4,422.5,0.4225,1584,1.584
0.3755,1062,423.5,0.4235,1713,1.713
0.3765,1085,424.5,0.4245,1770,1.77
0.3775,1282,425.5,0.4255,1697,1.697
0.3785,1327,426.5,0.4265,1700,1.7
0.3795,1066,427.5,0.4275,1571,1.571
0.3805,1202,428.5,0.4285,1589,1.589
0.3815,1082,429.5,0.4295,1477,1.477
0.3825,791.3,430.5,0.4305,1136,1.136
0.3835,684.1,431.5,0.4315,1688,1.688
0.3845,959.7,432.5,0.4325,1648,1.648
0.3855,1008,433.5,0.4335,1733,1.733
0.3865,1007,434.5,0.4345,1672,1.672
0.3875,1004,435.5,0.4355,1725,1.725
0.3885,984.3,436.5,0.4365,1931,1.931
0.3895,1174,437.5,0.4375,1808,1.808
0.3905,1247,438.5,0.4385,1569,1.569
0.3915,1342,439.5,0.4395,1827,1.827
0.3925,1019,440.5,0.4405,1715,1.715
0.3935,582.3,441.5,0.4415,1933,1.933
0.3945,1026,442.5,0.4425,1982,1.982
0.3955,1314,443.5,0.4435,1911,1.911
0.3965,854.5,444.5,0.4445,1975,1.975
0.3975,928.8,445.5,0.4455,1823,1.823
0.3985,1522,446.5,0.4465,1893,1.893
0.3995,1663,447.5,0.4475,2079,2.079
0.4005,1682,448.5,0.4485,1975,1.975
0.4015,1746,449.5,0.4495,2029,2.029
0.4025,1759,450.5,0.4505,2146,2.146
0.4035,1684,451.5,0.4515,2111,2.111
0.4045,1674,452.5,0.4525,1943,1.943
0.4055,1667,453.5,0.4535,1972,1.972
0.4065,1589,454.5,0.4545,1981,1.981
0.4075,1628,455.5,0.4555,2036,2.036
0.4085,1735,456.5,0.4565,2079,2.079
0.4095,1715,457.5,0.4575,2102,2.102
0.4105,1532,458.5,0.4585,1973,1.973
0.4115,1817,459.5,0.4595,2011,2.011
0.4125,1789,460.5,0.4605,2042,2.042
0.4135,1756,461.5,0.4615,2057,2.057
0.4145,1737,462.5,0.4625,2106,2.106
0.4155,1734,463.5,0.4635,2042,2.042
0.4165,1842,464.5,0.4645,1978,1.978
0.4175,1665,465.5,0.4655,2044,2.044
0.4185,1684,466.5,0.4665,1923,1.923
0.4195,1701,467.5,0.4675,2017,2.017
0.4205,1757,468.5,0.4685,1996,1.996
0.4215,1797,469.5,0.4695,1992,1.992
0.4225,1582,470.5,0.4705,1879,1.879
0.4235,1711,471.5,0.4715,2020,2.02
0.4245,1767,472.5,0.4725,2043,2.043
0.4255,1695,473.5,0.4735,1993,1.993
0.4265,1698,474.5,0.4745,2053,2.053
0.4275,1569,475.5,0.4755,2018,2.018
0.4285,1587,476.5,0.4765,1958,1.958
0.4295,1475,477.5,0.4775,2077,2.077
0.4305,1135,478.5,0.4785,2011,2.011
0.4315,1686,479.5,0.4795,2078,2.078
0.4325,1646,480.5,0.4805,2037,2.037
0.4335,1731,481.5,0.4815,2092,2.092
0.4345,1670,482.5,0.4825,2025,2.025
0.4355,1723,483.5,0.4835,2021,2.021
0.4365,1929,484.5,0.4845,1971,1.971
0.4375,1806,485.5,0.4855,1832,1.832
0.4385,1567,486.5,0.4865,1627,1.627
0.4395,1825,487.5,0.4875,1832,1.832
0.4405,1713,488.5,0.4885,1916,1.916
0.4415,1931,489.5,0.4895,1962,1.962
0.4425,1980,490.5,0.4905,2009,2.009
0.4435,1909,491.5,0.4915,1898,1.898
0.4445,1973,492.5,0.4925,1898,1.898
0.4455,1821,493.5,0.4935,1890,1.89
0.4465,1891,494.5,0.4945,2060,2.06
0.4475,2077,495.5,0.4955,1928,1.928
0.4485,1973,496.5,0.4965,2019,2.019
0.4495,2027,497.5,0.4975,2020,2.02
0.4505,2144,498.5,0.4985,1868,1.868
0.4515,2109,499.5,0.4995,1972,1.972
0.4525,1941,500.5,0.5005,1859,1.859
0.4535,1970,501.5,0.5015,1814,1.814
0.4545,1979,502.5,0.5025,1896,1.896
0.4555,2034,503.5,0.5035,1936,1.936
0.4565,2077,504.5,0.5045,1871,1.871
0.4575,2100,505.5,0.5055,1995,1.995
0.4585,1971,506.5,0.5065,1963,1.963
0.4595,2009,507.5,0.5075,1908,1.908
0.4605,2040,508.5,0.5085,1921,1.921
0.4615,2055,509.5,0.5095,1918,1.918
0.4625,2104,510.5,0.5105,1949,1.949
0.4635,2040,511.5,0.5115,1999,1.999
0.4645,1976,512.5,0.5125,1869,1.869
0.4655,2042,513.5,0.5135,1863,1.863
0.4665,1921,514.5,0.5145,1876,1.876
0.4675,2015,515.5,0.5155,1902,1.902
0.4685,1994,516.5,0.5165,1671,1.671
0.4695,1990,517.5,0.5175,1728,1.728
0.4705,1877,518.5,0.5185,1656,1.656
0.4715,2018,519.5,0.5195,1830,1.83
0.4725,2041,520.5,0.5205,1833,1.833
0.4735,1991,521.5,0.5215,1908,1.908
0.4745,2051,522.5,0.5225,1825,1.825
0.4755,2016,523.5,0.5235,1896,1.896
0.4765,1956,524.5,0.5245,1960,1.96
0.4775,2075,525.5,0.5255,1932,1.932
0.4785,2009,526.5,0.5265,1676,1.676
0.4795,2076,527.5,0.5275,1830,1.83
0.4805,2035,528.5,0.5285,1899,1.899
0.4815,2090,529.5,0.5295,1920,1.92
0.4825,2023,530.5,0.5305,1954,1.954
0.4835,2019,531.5,0.5315,1965,1.965
0.4845,1969,532.5,0.5325,1773,1.773
0.4855,1830,533.5,0.5335,1925,1.925
0.4865,1625,534.5,0.5345,1860,1.86
0.4875,1830,535.5,0.5355,1992,1.992
0.4885,1914,536.5,0.5365,1873,1.873
0.4895,1960,537.5,0.5375,1884,1.884
0.4905,2007,538.5,0.5385,1906,1.906
0.4915,1896,539.5,0.5395,1834,1.834
0.4925,1896,540.5,0.5405,1772,1.772
0.4935,1888,541.5,0.5415,1883,1.883
0.4945,2058,542.5,0.5425,1827,1.827
0.4955,1926,543.5,0.5435,1881,1.881
0.4965,2017,544.5,0.5445,1881,1.881
0.4975,2018,545.5,0.5455,1903,1.903
0.4985,1866,546.5,0.5465,1881,1.881
0.4995,1970,547.5,0.5475,1835,1.835
0.5005,1857,548.5,0.5485,1865,1.865
0.5015,1812,549.5,0.5495,1897,1.897
0.5025,1894,550.5,0.5505,1864,1.864
0.5035,1934,551.5,0.5515,1873,1.873
0.5045,1869,552.5,0.5525,1848,1.848
0.5055,1993,553.5,0.5535,1884,1.884
0.5065,1961,554.5,0.5545,1900,1.9
0.5075,1906,555.5,0.5555,1899,1.899
0.5085,1919,556.5,0.5565,1823,1.823
0.5095,1916,557.5,0.5575,1848,1.848
0.5105,1947,558.5,0.5585,1789,1.789
0.5115,1997,559.5,0.5595,1810,1.81
0.5125,1867,560.5,0.5605,1845,1.845
0.5135,1861,561.5,0.5615,1826,1.826
0.5145,1874,562.5,0.5625,1852,1.852
0.5155,1900,563.5,0.5635,1863,1.863
0.5165,1669,564.5,0.5645,1856,1.856
0.5175,1726,565.5,0.5655,1800,1.8
0.5185,1654,566.5,0.5665,1831,1.831
0.5195,1828,567.5,0.5675,1889,1.889
0.5205,1831,568.5,0.5685,1812,1.812
0.5215,1906,569.5,0.5695,1862,1.862
0.5225,1823,570.5,0.5705,1772,1.772
0.5235,1894,571.5,0.5715,1825,1.825
0.5245,1958,572.5,0.5725,1894,1.894
0.5255,1930,573.5,0.5735,1878,1.878
0.5265,1674,574.5,0.5745,1869,1.869
0.5275,1828,575.5,0.5755,1832,1.832
0.5285,1897,576.5,0.5765,1848,1.848
0.5295,1918,577.5,0.5775,1859,1.859
0.5305,1952,578.5,0.5785,1786,1.786
0.5315,1963,579.5,0.5795,1830,1.83
0.5325,1770,580.5,0.5805,1840,1.84
0.5335,1923,581.5,0.5815,1855,1.855
0.5345,1858,582.5,0.5825,1875,1.875
0.5355,1990,583.5,0.5835,1859,1.859
0.5365,1871,584.5,0.5845,1862,1.862
0.5375,1882,585.5,0.5855,1786,1.786
0.5385,1904,586.5,0.5865,1832,1.832
0.5395,1832,587.5,0.5875,1850,1.85
0.5405,1769,588.5,0.5885,1752,1.752
0.5415,1881,589.5,0.5895,1614,1.614
0.5425,1825,590.5,0.5905,1815,1.815
0.5435,1879,591.5,0.5915,1789,1.789
0.5445,1879,592.5,0.5925,1810,1.81
0.5455,1901,593.5,0.5935,1798,1.798
0.5465,1879,594.5,0.5945,1776,1.776
0.5475,1833,595.5,0.5955,1785,1.785
0.5485,1863,596.5,0.5965,1807,1.807
0.5495,1895,597.5,0.5975,1783,1.783
0.5505,1862,598.5,0.5985,1760,1.76
0.5515,1871,599.5,0.5995,1777,1.777
0.5525,1846,600.5,0.6005,1748,1.748
0.5535,1882,601.5,0.6015,1753,1.753
0.5545,1898,602.5,0.6025,1721,1.721
0.5555,1897,603.5,0.6035,1789,1.789
0.5565,1821,604.5,0.6045,1779,1.779
0.5575,1846,605.5,0.6055,1766,1.766
0.5585,1787,606.5,0.6065,1762,1.762
0.5595,1808,607.5,0.6075,1760,1.76
0.5605,1843,608.5,0.6085,1745,1.745
0.5615,1824,609.5,0.6095,1746,1.746
0.5625,1850,610.5,0.6105,1705,1.705
0.5635,1861,611.5,0.6115,1748,1.748
0.5645,1854,612.5,0.6125,1707,1.707
0.5655,1798,613.5,0.6135,1685,1.685
0.5665,1829,614.5,0.6145,1715,1.715
0.5675,1887,615.5,0.6155,1715,1.715
0.5685,1810,616.5,0.6165,1611,1.611
0.5695,1860,617.5,0.6175,1709,1.709
0.5705,1769,618.5,0.6185,1726,1.726
0.5715,1823,619.5,0.6195,1709,1.709
0.5725,1892,620.5,0.6205,1736,1.736
0.5735,1876,621.5,0.6215,1692,1.692
0.5745,1867,622.5,0.6225,1715,1.715
0.5755,1830,623.5,0.6235,1668,1.668
0.5765,1846,624.5,0.6245,1658,1.658
0.5775,1857,625.5,0.6255,1634,1.634
0.5785,1783,626.5,0.6265,1699,1.699
0.5795,1828,627.5,0.6275,1699,1.699
0.5805,1838,628.5,0.6285,1699,1.699
0.5815,1853,629.5,0.6295,1679,1.679
0.5825,1873,631,0.631,1641,1.641
0.5835,1857,633,0.633,1653,1.653
0.5845,1860,635,0.635,1658,1.658
0.5855,1783,637,0.637,1656,1.656
0.5865,1830,639,0.639,1653,1.653
0.5875,1848,641,0.641,1616,1.616
0.5885,1750,643,0.643,1623,1.623
0.5895,1612,645,0.645,1629,1.629
0.5905,1813,647,0.647,1605,1.605
0.5915,1787,649,0.649,1560,1.56
0.5925,1808,651,0.651,1608,1.608
0.5935,1796,653,0.653,1601,1.601
0.5945,1773,655,0.655,1534,1.534
0.5955,1782,657,0.657,1386,1.386
0.5965,1805,659,0.659,1551,1.551
0.5975,1780,661,0.661,1573,1.573
0.5985,1757,663,0.663,1557,1.557
0.5995,1774,665,0.665,1562,1.562
0.6005,1746,667,0.667,1537,1.537
0.6015,1751,669,0.669,1548,1.548
0.6025,1719,671,0.671,1518,1.518
0.6035,1787,673,0.673,1523,1.523
0.6045,1776,675,0.675,1512,1.512
0.6055,1763,677,0.677,1510,1.51
0.6065,1759,679,0.679,1500,1.5
0.6075,1757,681,0.681,1494,1.494
0.6085,1743,683,0.683,1481,1.481
0.6095,1744,685,0.685,1457,1.457
0.6105,1703,687,0.687,1469,1.469
0.6115,1746,689,0.689,1463,1.463
0.6125,1705,691,0.691,1450,1.45
0.6135,1683,693,0.693,1450,1.45
0.6145,1713,695,0.695,1438,1.438
0.6155,1713,697,0.697,1418,1.418
0.6165,1609,699,0.699,1427,1.427
0.6175,1707,701,0.701,1388,1.388
0.6185,1724,703,0.703,1390,1.39
0.6195,1707,705,0.705,1417,1.417
0.6205,1734,707,0.707,1402,1.402
0.6215,1690,709,0.709,1386,1.386
0.6225,1713,711,0.711,1387,1.387
0.6235,1666,713,0.713,1375,1.375
0.6245,1656,715,0.715,1368,1.368
0.6255,1632,717,0.717,1355,1.355
0.6265,1697,719,0.719,1329,1.329
0.6275,1697,721,0.721,1332,1.332
0.6285,1697,723,0.723,1349,1.349
0.6295,1677,725,0.725,1351,1.351
0.631,1639,727,0.727,1347,1.347
0.633,1651,729,0.729,1320,1.32
0.635,1656,731,0.731,1327,1.327
0.637,1654,733,0.733,1319,1.319
0.639,1651,735,0.735,1310,1.31
0.641,1614,737,0.737,1308,1.308
0.643,1621,739,0.739,1279,1.279
0.645,1627,741,0.741,1259,1.259
0.647,1603,743,0.743,1287,1.287
0.649,1558,745,0.745,1280,1.28
0.651,1606,747,0.747,1284,1.284
0.653,1599,749,0.749,1271,1.271
0.655,1532,751,0.751,1263,1.263
0.657,1384,753,0.753,1260,1.26
0.659,1549,755,0.755,1256,1.256
0.661,1571,757,0.757,1249,1.249
0.663,1555,759,0.759,1241,1.241
0.665,1560,761,0.761,1238,1.238
0.667,1535,763,0.763,1242,1.242
0.669,1546,765,0.765,1222,1.222
0.671,1516,767,0.767,1186,1.186
0.673,1521,769,0.769,1204,1.204
0.675,1510,771,0.771,1205,1.205
0.677,1508,773,0.773,1209,1.209
0.679,1498,775,0.775,1189,1.189
0.681,1492,777,0.777,1197,1.197
0.683,1479,779,0.779,1188,1.188
0.685,1455,781,0.781,1188,1.188
0.687,1467,783,0.783,1177,1.177
0.689,1461,785,0.785,1181,1.181
0.691,1448,787,0.787,1178,1.178
0.693,1448,789,0.789,1175,1.175
0.695,1436,791,0.791,1159,1.159
0.697,1416,793,0.793,1144,1.144
0.699,1425,795,0.795,1135,1.135
0.701,1386,797,0.797,1153,1.153
0.703,1388,799,0.799,1136,1.136
0.705,1415,801,0.801,1143,1.143
0.707,1400,803,0.803,1130,1.13
0.709,1384,805,0.805,1116,1.116
0.711,1385,807,0.807,1121,1.121
0.713,1373,809,0.809,1096,1.096
0.715,1366,811,0.811,1115,1.115
0.717,1354,813,0.813,1116,1.116
0.719,1328,815,0.815,1108,1.108
0.721,1331,817,0.817,1105,1.105
0.723,1348,819,0.819,1065,1.065
0.725,1350,821,0.821,1081,1.081
0.727,1346,823,0.823,1074,1.074
0.729,1319,825,0.825,1076,1.076
0.731,1326,827,0.827,1077,1.077
0.733,1318,829,0.829,1073,1.073
0.735,1309,831,0.831,1069,1.069
0.737,1307,833,0.833,1034,1.034
0.739,1278,835,0.835,1053,1.053
0.741,1258,837,0.837,1052,1.052
0.743,1286,839,0.839,1042,1.042
0.745,1279,841,0.841,1045,1.045
0.747,1283,843,0.843,1028,1.028
0.749,1270,845,0.845,1033,1.033
0.751,1262,847,0.847,1025,1.025
0.753,1259,849,0.849,971,0.971
0.755,1255,851,0.851,1003,1.003
0.757,1248,853,0.853,973,0.973
0.759,1240,855,0.855,877,0.877
0.761,1237,857,0.857,1011,1.011
0.763,1241,859,0.859,997,0.997
0.765,1221,861,0.861,997,0.997
0.767,1185,863,0.863,999,0.999
0.769,1203,865,0.865,970,0.97
0.771,1204,867,0.867,880,0.88
0.773,1208,869,0.869,967,0.967
0.775,1188,871,0.871,986,0.986
0.777,1196,873,0.873,978,0.978
0.779,1187,875,0.875,981,0.981
0.781,1187,877,0.877,984,0.984
0.783,1176,879,0.879,959,0.959
0.785,1180,881,0.881,960,0.96
0.787,1177,883,0.883,948,0.948
0.789,1174,885,0.885,963,0.963
0.791,1158,887,0.887,947,0.947
0.793,1143,889,0.889,949,0.949
0.795,1134,891,0.891,944,0.944
0.797,1152,893,0.893,934,0.934
0.799,1135,895,0.895,936,0.936
0.801,1142,897,0.897,939,0.939
0.803,1129,899,0.899,912,0.912
0.805,1115,901,0.901,905,0.905
0.807,1120,903,0.903,905,0.905
0.809,1095,905,0.905,893,0.893
0.811,1114,907,0.907,891,0.891
0.813,1115,909,0.909,861,0.861
0.815,1107,911,0.911,870,0.87
0.817,1104,913,0.913,876,0.876
0.819,1063,915,0.915,866,0.866
0.821,1080,917,0.917,859,0.859
0.823,1073,919,0.919,858,0.858
0.825,1075,921,0.921,830,0.83
0.826,1080,923,0.923,821,0.821
0.828,1081,925,0.925,825,0.825
0.83,1063,927,0.927,828,0.828
0.832,1051,929,0.929,833,0.833
0.834,1041,931,0.931,826,0.826
0.836,1052,933,0.933,832,0.832
0.838,1044,935,0.935,818,0.818
0.84,1040,937,0.937,802,0.802
0.842,1036,939,0.939,808,0.808
0.844,1024,941,0.941,800,0.8
0.846,1028,943,0.943,784,0.784
0.848,1023,945,0.945,799,0.799
0.85,966,947,0.947,793,0.793
0.852,996.1,949,0.949,777,0.777
0.854,878,951,0.951,778,0.778
0.856,975.5,953,0.953,771,0.771
0.858,1005,955,0.955,760,0.76
0.86,996.9,957,0.957,774,0.774
0.862,994.9,959,0.959,771,0.771
0.864,999.3,961,0.961,767,0.767
0.866,886.2,963,0.963,767,0.767
0.868,939.5,965,0.965,764,0.764
0.87,974.7,967,0.967,757,0.757
0.872,983.3,969,0.969,776,0.776
0.874,971.3,971,0.971,763,0.763
0.876,964,973,0.973,764,0.764
0.878,974.9,975,0.975,750,0.75
0.88,955.4,977,0.977,768,0.768
0.882,951.1,979,0.979,768,0.768
0.884,957.9,981,0.981,762,0.762
0.886,938.3,983,0.983,766,0.766
0.888,944.3,985,0.985,771,0.771
0.89,953,987,0.987,756,0.756
0.892,939.4,989,0.989,767,0.767
0.894,933.2,991,0.991,764,0.764
0.896,938.7,993,0.993,755,0.755
0.898,933.9,995,0.995,756,0.756
0.9,915.8,997,0.997,743,0.743
0.902,891.6,999,0.999,743,0.743
0.904,928.5,1002.5,1.0025,745,0.745
0.906,917.6,1007.5,1.0075,737,0.737
0.908,902.5,1012.5,1.0125,734,0.734
0.91,891.6,1017.5,1.0175,721,0.721
0.912,896.7,1022.5,1.0225,704,0.704
0.914,907.1,1027.5,1.0275,708,0.708
0.916,900.4,1032.5,1.0325,688,0.688
0.918,895.1,1037.5,1.0375,692,0.692
0.92,890.8,1042.5,1.0425,681,0.681
0.922,863,1047.5,1.0475,685,0.685
0.924,858.5,1052.5,1.0525,661,0.661
0.926,861.2,1057.5,1.0575,650,0.65
0.928,876.9,1062.5,1.0625,642,0.642
0.93,867.7,1067.5,1.0675,643,0.643
0.932,865.1,1072.5,1.0725,638,0.638
0.934,864.1,1077.5,1.0775,630,0.63
0.936,854.7,1082.5,1.0825,620,0.62
0.938,858,1087.5,1.0875,614,0.614
0.94,843.8,1092.5,1.0925,612,0.612
0.942,825,1097.5,1.0975,599,0.599
0.944,832.4,1102.5,1.1025,608,0.608
0.946,837.5,1107.5,1.1075,601,0.601
0.948,840.7,1112.5,1.1125,603,0.603
0.95,836.9,1117.5,1.1175,589,0.589
0.952,831.7,1122.5,1.1225,579,0.579
0.954,808,1127.5,1.1275,569,0.569
0.956,808.2,1132.5,1.1325,566,0.566
0.958,818.8,1137.5,1.1375,563,0.563
0.96,815.1,1142.5,1.1425,557,0.557
0.962,808.9,1147.5,1.1475,556,0.556
0.964,801.3,1152.5,1.1525,545,0.545
0.966,794.7,1157.5,1.1575,554,0.554
0.968,796.9,1162.5,1.1625,540,0.54
0.97,795.9,1167.5,1.1675,530,0.53
0.972,793.6,1172.5,1.1725,533,0.533
0.974,781.5,1177.5,1.1775,525,0.525
0.976,782.5,1182.5,1.1825,514,0.514
0.978,777.9,1187.5,1.1875,512,0.512
0.98,774.6,1192.5,1.1925,511,0.511
0.982,776.4,1197.5,1.1975,502,0.502
0.984,769.8,1202.5,1.2025,496,0.496
0.986,766.1,1207.5,1.2075,494,0.494
0.988,761.5,1212.5,1.2125,489,0.489
0.99,754.1,1217.5,1.2175,500,0.5
0.992,756.7,1222.5,1.2225,481,0.481
0.994,755.6,1227.5,1.2275,481,0.481
0.996,752.5,1232.5,1.2325,484,0.484
0.998,751,1237.5,1.2375,477,0.477
1,747.9,1242.5,1.2425,477,0.477
1.002,746.9,1247.5,1.2475,466,0.466
1.004,726.1,1252.5,1.2525,474,0.474
1.006,713.6,1257.5,1.2575,463,0.463
1.008,733.5,1262.5,1.2625,444,0.444
1.01,731.3,1267.5,1.2675,438,0.438
1.012,726.2,1272.5,1.2725,439,0.439
1.014,721,1277.5,1.2775,453,0.453
1.016,713.9,1282.5,1.2825,435,0.435
1.018,710.7,1287.5,1.2875,437,0.437
1.02,704.1,1292.5,1.2925,442,0.442
1.022,702.1,1297.5,1.2975,438,0.438
1.024,705.4,1302.5,1.3025,438,0.438
1.026,702.7,1307.5,1.3075,429,0.429
1.028,698.9,1312.5,1.3125,419,0.419
1.03,693.7,1317.5,1.3175,416,0.416
1.032,690.5,1322.5,1.3225,416,0.416
1.034,681.7,1327.5,1.3275,411,0.411
1.036,684,1332.5,1.3325,405,0.405
1.038,677.2,1337.5,1.3375,400,0.4
1.04,676.1,1342.5,1.3425,398,0.398
1.042,674.6,1347.5,1.3475,394,0.394
1.044,671.4,1352.5,1.3525,387,0.387
1.046,660,1357.5,1.3575,382,0.382
1.048,664.4,1362.5,1.3625,378,0.378
1.05,662.2,1367.5,1.3675,370,0.37
1.052,658.6,1372.5,1.3725,369,0.369
1.054,654.9,1377.5,1.3775,368,0.368
1.056,655.7,1382.5,1.3825,364,0.364
1.058,645.1,1387.5,1.3875,364,0.364
1.06,641.5,1392.5,1.3925,358,0.358
1.062,643.8,1397.5,1.3975,357,0.357
1.064,645.9,1402.5,1.4025,353,0.353
1.066,639.5,1407.5,1.4075,350,0.35
1.068,631.7,1412.5,1.4125,346,0.346
1.07,624.1,1417.5,1.4175,344,0.344
1.072,632.6,1422.5,1.4225,343,0.343
1.074,627.6,1427.5,1.4275,348,0.348
1.076,628,1432.5,1.4325,337,0.337
1.078,627.2,1437.5,1.4375,331,0.331
1.08,624.7,1442.5,1.4425,327,0.327
1.082,609.9,1447.5,1.4475,318,0.318
1.084,618,1452.5,1.4525,323,0.323
1.086,620.8,1457.5,1.4575,307,0.307
1.088,610.3,1462.5,1.4625,317,0.317
1.09,619.9,1467.5,1.4675,311,0.311
1.092,615.9,1472.5,1.4725,311,0.311
1.094,584.9,1477.5,1.4775,307,0.307
1.096,598.3,1482.5,1.4825,303,0.303
1.098,596.1,1487.5,1.4875,298,0.298
1.1,604.2,1492.5,1.4925,303,0.303
1.102,593.2,1497.5,1.4975,300,0.3
1.104,597.4,1502.5,1.5025,296,0.296
1.106,594.5,1507.5,1.5075,295,0.295
1.108,591.6,1512.5,1.5125,290,0.29
1.11,590.6,1517.5,1.5175,290,0.29
1.112,584.3,1522.5,1.5225,286,0.286
1.114,584.4,1527.5,1.5275,290,0.29
1.116,583.1,1532.5,1.5325,282,0.282
1.118,581.5,1537.5,1.5375,274,0.274
1.12,574.1,1542.5,1.5425,275,0.275
1.122,579.6,1547.5,1.5475,274,0.274
1.124,576.9,1552.5,1.5525,273,0.273
1.126,565.5,1557.5,1.5575,272,0.272
1.128,570,1562.5,1.5625,269,0.269
1.13,565.3,1567.5,1.5675,263,0.263
1.132,567.8,1572.5,1.5725,260,0.26
1.134,563.8,1577.5,1.5775,259,0.259
1.136,565.8,1582.5,1.5825,255,0.255
1.138,556.9,1587.5,1.5875,252,0.252
1.14,553,1592.5,1.5925,246,0.246
1.142,553.1,1597.5,1.5975,246,0.246
1.144,551.4,1602.5,1.6025,247,0.247
1.146,554.8,1607.5,1.6075,242,0.242
1.148,552.5,1612.5,1.6125,244,0.244
1.15,548.9,1617.5,1.6175,243,0.243
1.152,545.8,1622.5,1.6225,240,0.24
1.154,547.9,1627.5,1.6275,244,0.244
1.156,545.5,1632.5,1.6325,241,0.241
1.158,543.5,1637.5,1.6375,237,0.237
1.16,532,1642.5,1.6425,234,0.234
1.162,532.5,1647.5,1.6475,235,0.235
1.164,533.2,1652.5,1.6525,234,0.234
1.166,530.3,1657.5,1.6575,234,0.234
1.168,531.2,1662.5,1.6625,233,0.233
1.17,527.6,1667.5,1.6675,229,0.229
1.172,531.5,1672.5,1.6725,228,0.228
1.174,527.3,1677.5,1.6775,220,0.22
1.176,518.4,1682.5,1.6825,221,0.221
1.178,519,1687.5,1.6875,219,0.219
1.18,523.9,1692.5,1.6925,219,0.219
1.182,515.9,1697.5,1.6975,214,0.214
1.184,510.3,1702.5,1.7025,217,0.217
1.186,518.7,1707.5,1.7075,212,0.212
1.188,507.5,1712.5,1.7125,203,0.203
1.19,508.5,1717.5,1.7175,212,0.212
1.192,516.1,1722.5,1.7225,205,0.205
1.194,514.5,1727.5,1.7275,196,0.196
1.196,508.4,1732.5,1.7325,190,0.19
1.198,494.3,1737.5,1.7375,189,0.189
1.2,500.3,1742.5,1.7425,191,0.191
1.202,506.8,1747.5,1.7475,185,0.185
1.204,494.8,1752.5,1.7525,187,0.187
1.206,503.9,1757.5,1.7575,189,0.189
1.208,489,1762.5,1.7625,184,0.184
1.21,488.2,1767.5,1.7675,182,0.182
1.212,493.3,1772.5,1.7725,177,0.177
1.214,494.2,1777.5,1.7775,173,0.173
1.216,493,1782.5,1.7825,171,0.171
1.218,489.7,1787.5,1.7875,170,0.17
1.22,487.5,1792.5,1.7925,169,0.169
1.222,485.4,1797.5,1.7975,173,0.173
1.224,484.6,1802.5,1.8025,169,0.169
1.226,481.7,1807.5,1.8075,168,0.168
1.228,477.1,1812.5,1.8125,160,0.16
1.23,479.2,1817.5,1.8175,160,0.16
1.232,475,1822.5,1.8225,159,0.159
1.234,472.9,1827.5,1.8275,156,0.156
1.236,471.9,1832.5,1.8325,156,0.156
1.238,470.3,1837.5,1.8375,150,0.15
1.24,465.3,1842.5,1.8425,153,0.153
1.242,464.2,1847.5,1.8475,151,0.151
1.244,461.9,1852.5,1.8525,148,0.148
1.246,463.5,1857.5,1.8575,145,0.145
1.248,463.3,1862.5,1.8625,143,0.143
1.25,462.4,1867.5,1.8675,143,0.143
1.252,457.1,1872.5,1.8725,135,0.135
1.254,457.4,1877.5,1.8775,135,0.135
1.256,455.1,1882.5,1.8825,140,0.14
1.258,453.3,1887.5,1.8875,138,0.138
1.26,453,1892.5,1.8925,137,0.137
1.262,449.7,1897.5,1.8975,138,0.138
1.264,447.8,1902.5,1.9025,133,0.133
1.266,446.7,1907.5,1.9075,136,0.136
1.268,441.7,1912.5,1.9125,138,0.138
1.27,445.3,1917.5,1.9175,136,0.136
1.272,445.2,1922.5,1.9225,134,0.134
1.274,443.1,1927.5,1.9275,132,0.132
1.276,445.1,1932.5,1.9325,132,0.132
1.278,444,1937.5,1.9375,131,0.131
1.28,435.6,1942.5,1.9425,129,0.129
1.282,401.4,1947.5,1.9475,127,0.127
1.284,425.9,1952.5,1.9525,126,0.126
1.286,432.8,1957.5,1.9575,122,0.122
1.288,431.4,1962.5,1.9625,126,0.126
1.29,425.5,1967.5,1.9675,125,0.125
1.292,425.4,1972.5,1.9725,125,0.125
1.294,422.3,1977.5,1.9775,129,0.129
1.296,422.4,1982.5,1.9825,125,0.125
1.298,418.4,1987.5,1.9875,123,0.123
1.3,418.6,1992.5,1.9925,121,0.121
1.302,413.9,1997.5,1.9975,123,0.123
1.304,411.1,2002.5,2.0025,116,0.116
1.306,413.6,2012.5,2.0125,114,0.114
1.308,412.3,2022.5,2.0225,113,0.113
1.31,410.6,2032.5,2.0325,110,0.11
1.312,403.3,2042.5,2.0425,107,0.107
1.314,402.2,2052.5,2.0525,104,0.104
1.316,397.9,2062.5,2.0625,100,0.1
1.318,401.7,2077.5,2.0775,101,0.101
1.32,401.6,2092.5,2.0925,98,0.098
1.322,398.6,2107.5,2.1075,93,0.093
1.324,398.1,2122.5,2.1225,87,0.087
1.326,394.9,2137.5,2.1375,85,0.085
1.328,390.8,2152.5,2.1525,81,0.081
1.33,387.8,2167.5,2.1675,80,0.08
1.332,386.3,2182.5,2.1825,75,0.075
1.334,389.2,2197.5,2.1975,73,0.073
1.336,386.6,2212.5,2.2125,75,0.075
1.338,383.2,2227.5,2.2275,75,0.075
1.34,379,2247.5,2.2475,72,0.072
1.342,380.5,2262.5,2.2625,71,0.071
1.344,379.8,2282.5,2.2825,69,0.069
1.346,377.2,2302.5,2.3025,66,0.066
1.348,376.6,2322.5,2.3225,53,0.053
1.35,372.4,2342.5,2.3425,58,0.058
1.352,374.2,2362.5,2.3625,65,0.065
1.354,372.2,2382.5,2.3825,55,0.055
1.356,367.5,2402.5,2.4025,54,0.054
1.358,368.8,2422.5,2.4225,57,0.057
1.36,367.3,2442.5,2.4425,51,0.051
1.362,367.7,2467.5,2.4675,53,0.053
1.364,365.7,2492.5,2.4925,54,0.054
1.366,365.7,2517.5,2.5175,47,0.047
1.368,362.8,2542.5,2.5425,46,0.046
1.37,359.9,2567.5,2.5675,44,0.044
1.372,362.1,2592.5,2.5925,42,0.042
1.374,361.1,2617.5,2.6175,41,0.041
1.376,356.1,2642.5,2.6425,39,0.039
1.378,358,2672.5,2.6725,38,0.038
1.38,357.9,2702.5,2.7025,36,0.036
1.382,354.5,2732.5,2.7325,35,0.035
1.384,354.7,2762.5,2.7625,34,0.034
1.386,353.2,2797.5,2.7975,32,0.032
1.388,353,2832.5,2.8325,31,0.031
1.39,350.6,2867.5,2.8675,29,0.029
1.392,351.3,2907.5,2.9075,28,0.028
1.394,348.8,2947.5,2.9475,26,0.026
1.396,348.7,2987.5,2.9875,25,0.025
1.398,349.2,3025,3.025,24,0.024
1.4,342.7,3075,3.075,23,0.023
1.402,343.9,3125,3.125,21,0.021
1.404,342.8,3175,3.175,20,0.02
1.406,343.1,3235,3.235,19,0.019
1.408,342.7,3295,3.295,18,0.018
1.41,341.8,3355,3.355,16,0.016
1.412,334.8,3425,3.425,15,0.015
1.414,337.7,3495,3.495,14,0.014
1.416,338.5,3575,3.575,13,0.013
1.418,338.6,3665,3.665,12,0.012
1.42,335.7,3755,3.755,11,0.011
1.422,331.5,3855,3.855,10,0.01
1.424,331.1,3965,3.965,9,0.009
1.426,328.1,4085,4.085,8,0.008
1.428,328.5,4225,4.225,7,0.007
1.43,325.7,4385,4.385,6,0.006
1.432,330,4575,4.575,5,0.005
1.434,328.4,4805,4.805,4,0.004
1.436,328.5,5085,5.085,3,0.003
1.438,328.3,5445,5.445,2,0.002
1.44,318.8,5925,5.925,2,0.002
1.442,318.6,6615,6.615,1,0.001
1.444,319.7,7785,7.785,1,0.001
1.446,321.6,10075,10.075,0,0
1.448,321.6
1.45,318.7
1.452,315.4
1.454,314.3
1.456,313.1
1.458,316.7
1.46,315.6
1.462,312.1
1.464,310.5
1.466,310.8
1.468,311.4
1.47,310.2
1.472,307.3
1.474,303.4
1.476,304.8
1.478,304.4
1.48,306.8
1.482,304.4
1.484,303.9
1.486,303.3
1.488,285.5
1.49,301.5
1.492,301.8
1.494,303.3
1.496,297.2
1.498,299.4
1.5,301.1
1.502,292.4
1.504,279.9
1.506,284.8
1.508,291.9
1.51,294.7
1.512,291.3
1.514,288.3
1.516,288.2
1.518,288.4
1.52,286.6
1.522,282.4
1.524,283.5
1.526,284.6
1.528,284.6
1.53,276.5
1.532,282.3
1.534,278.4
1.536,280.6
1.538,277.3
1.54,273
1.542,275.3
1.544,277.8
1.546,277.2
1.548,271.1
1.55,271.3
1.552,273.1
1.554,267.6
1.556,267.1
1.558,268.9
1.56,268.3
1.562,269.7
1.564,266.9
1.566,265.4
1.568,263.3
1.57,264.5
1.572,267.3
1.574,261
1.576,253.6
1.578,254.7
1.58,265
1.582,259
1.584,259.1
1.586,259.9
1.588,249
1.59,240.5
1.592,252.6
1.594,258.3
1.596,250.6
1.598,254.5
1.6,251.2
1.602,248.9
1.604,249.7
1.606,247.7
1.608,249.1
1.61,240
1.612,243
1.614,244.9
1.616,237.4
1.618,242.3
1.62,236.9
1.622,238.3
1.624,241.6
1.626,240.2
1.628,241.8
1.63,239.3
1.632,238.7
1.634,235.9
1.636,235.7
1.638,227.4
1.64,226.2
1.642,226.6
1.644,227.8
1.646,229.4
1.648,229.2
1.65,227.2
1.652,226.8
1.654,226.2
1.656,226
1.658,225.2
1.66,224.5
1.662,224.6
1.664,222.7
1.666,221.2
1.668,219.3
1.67,222.5
1.672,217.3
1.674,219.3
1.676,216.1
1.678,216.8
1.68,208
1.682,205.4
1.684,212.9
1.686,213.1
1.688,212
1.69,210.5
1.692,212.3
1.694,211.2
1.696,210
1.698,208.9
1.7,206.3
1.702,204.7
1.704,205.2
1.706,205
1.708,201.7
1.71,201.3
1.712,198.2
1.714,203.7
1.716,202.2
1.718,201
1.72,199.3
1.722,197.5
1.724,195.4
1.726,198.2
1.728,197.1
1.73,198.4
1.732,193.6
1.734,187.4
1.736,182.7
1.738,186.3
1.74,190.5
1.742,190.2
1.744,190.7
1.746,186.7
1.748,187.2
1.75,185.8
1.752,185
1.754,185.6
1.756,184.9
1.758,184.3
1.76,183.1
1.762,179.3
1.764,180.7
1.766,181.7
1.768,180.2
1.77,179.1
1.772,179.4
1.774,179.2
1.776,176.3
1.778,174.7
1.78,175.6
1.782,174.7
1.784,173.5
1.786,173.9
1.788,174.7
1.79,173.3
1.792,172.1
1.794,170.9
1.796,170.6
1.798,170.3
1.8,169.9
1.802,167.2
1.804,168.8
1.806,168.8
1.808,168.5
1.81,168.6
1.812,167.5
1.814,165.8
1.816,160.5
1.818,152
1.82,159.6
1.822,159.8
1.824,162.4
1.826,162.8
1.828,161.1
1.83,160.6
1.832,159.3
1.834,158.5
1.836,158.1
1.838,156.2
1.84,156.2
1.842,154
1.844,154.1
1.846,153.5
1.848,151
1.85,154.6
1.852,153.4
1.854,152.5
1.856,150.9
1.858,152.5
1.86,150.3
1.862,150.4
1.864,150.9
1.866,149.4
1.868,149.2
1.87,150.8
1.872,147.3
1.874,140.1
1.876,129.9
1.878,144.1
1.88,146.2
1.882,147.4
1.884,146.4
1.886,143.9
1.888,145.3
1.89,142.4
1.892,140.8
1.894,139.6
1.896,137.3
1.898,139
1.9,139.7
1.902,140.9
1.904,138.6
1.906,139
1.908,137.7
1.91,137.8
1.912,135.4
1.914,137
1.916,136
1.918,135.3
1.92,133.3
1.922,135
1.924,134.1
1.926,134.4
1.928,132.2
1.93,131.3
1.932,130.8
1.934,132
1.936,132.8
1.938,132.1
1.94,129.9
1.942,129.4
1.944,120.3
1.946,119.2
1.948,127.1
1.95,126.1
1.952,125.5
1.954,128.6
1.956,127.6
1.958,127.1
1.96,126.1
1.962,124
1.964,122.2
1.966,123.1
1.968,124
1.97,123.9
1.972,121.3
1.974,120.8
1.976,122.4
1.978,119.4
1.98,119.6
1.982,120.5
1.984,119.7
1.986,117.8
1.988,119.5
1.99,119.8
1.992,118
1.994,116.2
1.996,117.3
1.998,115.9
2,117
2.002,116.1
2.004,114.8
2.006,114.7
2.008,115.4
2.01,114.9
2.012,114.5
2.014,113.8
2.016,113.7
2.018,113.4
2.02,111.6
2.022,110.7
2.024,111.6
2.026,111.5
2.028,110.7
2.03,108.6
2.032,109.8
2.034,109.2
2.036,108.3
2.038,106.4
2.04,107.8
2.042,107.6
2.044,107.6
2.046,107.1
2.048,106.3
2.05,105.9
2.052,104.7
2.054,104.6
2.056,104.6
2.058,104
2.06,102.8
2.062,102.3
2.064,100.5
2.066,102.5
2.068,101.9
2.07,100.3
2.072,100.4
2.074,100.9
2.076,100.6
2.078,100
2.08,98.78
2.082,98.64
2.084,97.72
2.086,98.52
2.088,98.35
2.09,97.88
2.092,95.67
2.094,95.93
2.096,95.8
2.098,96.2
2.1,96.06
2.102,95.77
2.104,95.59
2.106,95.74
2.108,95.13
2.11,93.96
2.112,94.52
2.114,94.36
2.116,93.31
2.118,93.11
2.12,92.75
2.122,92.75
2.124,91.89
2.126,92.08
2.128,92.25
2.13,92.09
2.132,92.1
2.134,91.55
2.136,90.12
2.138,91.1
2.14,90.83
2.142,90.64
2.144,90.06
2.146,89.39
2.148,89.79
2.15,89.57
2.152,89.13
2.154,88.78
2.156,88.74
2.158,88.42
2.16,87.81
2.162,86.86
2.164,84.56
2.166,78.49
2.168,83
2.17,85.57
2.172,85.91
2.174,85.92
2.176,85.32
2.178,84.25
2.18,84.97
2.182,84.25
2.184,84.57
2.186,84.65
2.188,82.77
2.19,83.04
2.192,83.77
2.194,83.49
2.196,83.18
2.198,82.99
2.2,82.65
2.202,82.3
2.204,82.11
2.206,79.66
2.208,79.66
2.21,80.8
2.212,81.05
2.214,80.72
2.216,79.94
2.218,79.7
2.22,79.97
2.222,79.62
2.224,79.26
2.226,78.11
2.228,78.26
2.23,78.31
2.232,78.15
2.234,78.02
2.236,77.58
2.238,76.48
2.24,76.39
2.242,76.42
2.244,76.24
2.246,76.12
2.248,75.2
2.25,75.41
2.252,75.12
2.254,74.02
2.256,74.22
2.258,74.41
2.26,74.21
2.262,72.99
2.264,73.29
2.266,73.15
2.268,73.27
2.27,72.97
2.272,72.77
2.274,72.52
2.276,72.39
2.278,72.42
2.28,71.65
2.282,70.07
2.284,71.25
2.286,71.24
2.288,71.27
2.29,71.1
2.292,70.67
2.294,69.2
2.296,69.08
2.298,69.19
2.3,69.53
2.302,69.55
2.304,69.31
2.306,69.23
2.308,69.01
2.31,68.7
2.312,68.67
2.314,68.26
2.316,67.79
2.318,67.45
2.32,67.68
2.322,66.75
2.324,65.36
2.326,65.59
2.328,66.29
2.33,66.16
2.332,65.84
2.334,65.71
2.336,65.36
2.338,64.96
2.34,65.2
2.342,65.39
2.344,65.09
2.346,64.86
2.348,64.72
2.35,64.53
2.352,62.89
2.354,62.39
2.356,62.82
2.358,62.66
2.36,63.08
2.362,63.05
2.364,62.95
2.366,62.84
2.368,62.63
2.37,62.11
2.372,62.07
2.374,60.66
2.376,61.64
2.378,61.92
2.38,61.72
2.382,60.98
2.384,58.85
2.386,59.08
2.388,60.04
2.39,60.29
2.392,60.08
2.394,60.03
2.396,59.96
2.398,59.89
2.4,59.44
2.402,59.65
2.404,59.45
2.406,59.19
2.408,59.15
2.41,59.02
2.412,58.94
2.414,57.34
2.416,55.99
2.418,57.48
2.42,57.7
2.422,57.67
2.424,57.26
2.426,57.17
2.428,57.12
2.43,57.12
2.432,57.02
2.434,56.41
2.436,56.18
2.438,55.99
2.44,56.39
2.442,56.17
2.444,56.03
2.446,54.98
2.448,54.57
2.45,54.62
2.452,54.32
2.454,54.55
2.456,53.7
2.458,53.92
2.46,54.57
2.462,54.42
2.464,54.35
2.466,54.05
2.468,53.9
2.47,52.85
2.472,53.3
2.474,53.13
2.476,53.43
2.478,53.03
2.48,51.77
2.482,51.4
2.484,52.19
2.486,51.6
2.488,51.69
2.49,52.25
2.492,51.98
2.494,51.75
2.496,51.52
2.498,51.54
2.5,51.55
2.52,49.84
2.54,48.14
2.56,46.72
2.58,45.5
2.6,44.57
2.62,43.05
2.64,42.11
2.66,40.79
2.68,39.68
2.7,38.67
2.72,37.63
2.74,36.63
2.76,35.46
2.78,34.68
2.8,33.85
2.82,32.97
2.84,32.09
2.86,31.19
2.88,30.32
2.9,29.69
2.92,28.9
2.94,28.17
2.96,27.5
2.98,26.82
3,26.12
3.02,25.47
3.04,24.65
3.06,24.22
3.08,23.64
3.1,23.06
3.12,22.46
3.14,21.98
3.16,21.44
3.18,20.96
3.2,20.48
3.22,20
3.24,19.51
3.26,19.07
3.28,18.58
3.3,18.02
3.32,17.68
3.34,17.37
3.36,16.97
3.38,16.59
3.4,16.15
3.42,15.84
3.44,15.54
3.46,15.2
3.48,14.86
3.5,14.56
3.52,14.25
3.54,13.93
3.56,13.62
3.58,13.34
3.6,13.07
3.62,12.81
3.64,12.51
3.66,12.22
3.68,11.93
3.7,11.62
3.72,11.45
3.74,11.08
3.76,10.96
3.78,10.78
3.8,10.57
3.82,10.38
3.84,10.19
3.86,9.983
3.88,9.782
3.9,9.599
3.92,9.427
3.94,9.233
3.96,9.032
3.98,8.857
4,8.669
4.02,8.557
4.04,8.385
4.06,8.217
4.08,8.054
4.1,7.894
4.12,7.739
4.14,7.587
4.16,7.439
4.18,7.294
4.2,7.153
4.22,7.015
4.24,6.881
4.26,6.749
4.28,6.621
4.3,6.496
4.32,6.374
4.34,6.254
4.36,6.138
4.38,6.024
4.4,5.913
4.42,5.804
4.44,5.698
4.46,5.594
4.48,5.492
4.5,5.393
4.52,5.296
4.54,5.201
4.56,5.108
4.58,5.018
4.6,4.929
4.62,4.842
4.64,4.757
4.66,4.674
4.68,4.593
4.7,4.514
4.72,4.436
4.74,4.36
4.76,4.285
4.78,4.212
4.8,4.141
4.82,4.071
4.84,4.003
4.86,3.936
4.88,3.87
4.9,3.806
4.92,3.743
4.94,3.681
4.96,3.621
4.98,3.562
5,3.504
5.05,3.394
5.1,3.267
5.15,3.146
5.2,3.03
5.25,2.92
5.3,2.815
5.35,2.715
5.4,2.619
5.45,2.527
5.5,2.439
5.55,2.355
5.6,2.275
5.65,2.198
5.7,2.124
5.75,2.054
5.8,1.986
5.85,1.921
5.9,1.859
5.95,1.799
6,1.742
6.05,1.687
6.1,1.634
6.15,1.583
6.2,1.534
6.25,1.487
6.3,1.442
6.35,1.399
6.4,1.357
6.45,1.317
6.5,1.278
6.55,1.24
6.6,1.204
6.65,1.17
6.7,1.136
6.75,1.104
6.8,1.073
6.85,1.043
6.9,1.014
6.95,0.9862
7,0.9592
7.05,0.9331
7.1,0.908
7.15,0.8836
7.2,0.8601
7.25,0.8374
7.3,0.8154
7.35,0.7942
7.4,0.7736
7.45,0.7537
7.5,0.7344
7.55,0.7158
7.6,0.6977
7.65,0.6802
7.7,0.6633
7.75,0.6469
7.8,0.631
7.85,0.6156
7.9,0.6006
7.95,0.5862
8,0.5721
8.05,0.5585
8.1,0.5453
8.15,0.5324
8.2,0.52
8.25,0.5079
8.3,0.4961
8.35,0.4847
8.4,0.4737
8.45,0.4629
8.5,0.4525
8.55,0.4423
8.6,0.4324
8.65,0.4228
8.7,0.4135
8.75,0.4044
8.8,0.3956
8.85,0.387
8.9,0.3787
8.95,0.3706
9,0.3627
9.05,0.355
9.1,0.3475
9.15,0.3402
9.2,0.3331
9.25,0.3262
9.3,0.3195
9.35,0.3129
9.4,0.3065
9.45,0.3003
9.5,0.2942
9.55,0.2883
9.6,0.2825
9.65,0.2769
9.7,0.2714
9.75,0.2661
9.8,0.2608
9.85,0.2558
9.9,0.2508
9.95,0.246
10,0.2412
11,0.1635
12,0.1152
13,8.34E-02
14,6.19E-02
15,4.69E-02
16,3.61E-02
17,2.83E-02
18,2.25E-02
19,1.81E-02
20,1.47E-02
25,6.05E-03
30,2.93E-03
35,1.58E-03
40,9.31E-04
50,3.83E-04
60,1.85E-04
80,5.88E-05
100,2.42E-05
120,1.17E-05
150,4.81E-06
200,1.53E-06
250,6.28E-07
300,2.95E-07
400,1.01E-07
1000,3.38E-09
